wideName,label,charLength,descr,source,wideMeasure,wideProtocol,wideAttribute,wideNameType,reportTableName,reportTableInput,partTypeName,partTypeInput,compartmentName,compartmentInput,specimenName,specimenInput,fractionName,fractionInput,measureName,measureInput,methodName,methodInput,unitName,unitInput,aggregationName,aggregationInput,index,attributeName,attributeInput,tag
sas_sampleID,SampleID -Wide,12,"A field for recording the unique identifier for a sample in a wide, or combined long and wide table.",EU Airport template,NA,NA,sas_sampleID,attributes,Sample report table Shorthand,sas,,0,,0,,0,,0,,0,,0,,0,,0,,Sample ID,sampleID,
si_parSiteID,Airport IATA code,12,"Airport IATA code for sampling, used as a parent site ID for organizing sub-sites in the airport.",EU Airport template,NA,NA,si_parSiteID,attributes,Sites table Shorthand,si,,0,,0,,0,,0,,0,,0,,0,,0,,Parent Site ID,parSiteID,
si_sampleShed,Sample shed - wide,13,"A geographic area, physical space, or structure. A sample is taken from a sampleshed for a representative measurement of a substance(s) in a wide, or combined long and wide table.",EU Airport template,NA,NA,si_sampleShed,attributes,Sites table Shorthand,si,,0,,0,,0,,0,,0,,0,,0,,0,,Sample shed,sampleShed,
si_siteID,Site,9,"A field for recording the unique identifier for a site in a wide, or combined long and wide table.",EU Airport template,NA,NA,si_siteID,attributes,Sites table Shorthand,si,,0,,0,,0,,0,,0,,0,,0,,0,,Site ID,siteID,
hum_sit_NA_popServ_peeps_total_NA_value,Population served (PE),39,"A field for reporting the attribute of a site, which specifies the population of/population served by a given site in a wide or combined long-and-wide table. ",EU Airport template,hum_sit_NA_popServ_peeps_total_NA_value,NA,NA,measurements,Measure report table Shorthand,mr,Measures Part-type Shorthand,mes,Human compartment,hum,Site,sit,Not applicable,NA,Population Served,popServ,,0,Number of people,peeps,Total amount or count - the sum,total,NA,Value,value,
sas_collDTStart,Collection start date/time - wide,15,"For integrated time averaged samples this is the date, time and timezone the sample was started being taken in a wide or combined long-and-wide table. ",EU Airport template,NA,NA,sas_collDTStart,attributes,Sample report table Shorthand,sas,,0,,0,,0,,0,,0,,0,,0,,0,,Collection date time start,collDTStart,
sas_collType,Collection type - wide,12,The type of sample collection in a wide or combined long-and-wide table. ,EU Airport template,NA,NA,sas_collType,attributes,Sample report table Shorthand,sas,,0,,0,,0,,0,,0,,0,,0,,0,,Sample collection type,collType,
sm_2_collPer_collNum,Composite collection number.period - wide,20,Composite collection number.period in a wide or combined long-and-wide table. ,EU Airport template,NA,NA,NA,exceptions,,0,,0,,0,,0,,0,,0,,0,,0,,0,,,0,
sas_pooled,Pooled,10,Binary indicator for whether a sample is pooled/made by combining multiple distinct samples.,EU Airport template,NA,NA,sas_pooled,attributes,Sample report table Shorthand,sas,,0,,0,,0,,0,,0,,0,,0,,0,,Pooled,pooled,
mr_aDateStart,Analysis date/time start,13,"Date, time, and timezone of when the analysis was started.",EU Airport template,NA,NA,mr_aDateStart,attributes,Measure report table Shorthand,mr,,0,,0,,0,,0,,0,,0,,0,,0,,Analysis date start,aDateStart,
mr_aDateEnd,Analysis date/time end,11,"Date, time, and timezone of when the analysis was completed.",EU Airport template,NA,NA,mr_aDateEnd,attributes,Measure report table Shorthand,mr,,0,,0,,0,,0,,0,,0,,0,,0,,Analysis date end,aDateEnd,
mr_fraction,Fraction analyzed,11,The fraction of the wastewater used for analysis and measurement.,EU Airport template,NA,NA,mr_fraction,attributes,Measure report table Shorthand,mr,,0,,0,,0,,0,,0,,0,,0,,0,,Fraction analyzed,fraction,
sas_saMaterial,Sample type,14,The type of sample.,EU Airport template,NA,NA,sas_saMaterial,attributes,Sample report table Shorthand,sas,,0,,0,,0,,0,,0,,0,,0,,0,,Sample material,saMaterial,
ps_met_wat_sa_hFr_OR_2_pcrmeth_seqStrat_value,Method used,45,"The value for either the PCR method used, or the sequencing strategy used to obstain a measure in a wide or combined long-and-wide table. ",EU Airport template,NA,NA,NA,exceptions,,0,,0,,0,,0,,0,,0,,0,,0,,0,,,0,
pro_refLink,Protocol citation link,11,Reference link for a specific protocol.,EU Airport template,NA,NA,pro_refLink,attributes,Protocols table Shorthand,pro,,0,,0,,0,,0,,0,,0,,0,,0,,Reference link,refLink,
mr_class,Target Type,8,"The genetic ""target type"" as defined using ODM classes  in a wide or combined long-and-wide table. ",EU Airport template,NA,NA,mr_class,attributes,Measure report table Shorthand,mr,,0,,0,,0,,0,,0,,0,,0,,0,,Class,class,
mr_measure,Target,10,The genetic target or measure of an analysis  in a wide or combined long-and-wide table. ,EU Airport template,NA,NA,mr_measure,attributes,Measure report table Shorthand,mr,,0,,0,,0,,0,,0,,0,,0,,0,,Measure,measure,
wat_sa_hFr_OR_3_otherM_otherA_otherV_hUn_hAg_value,Target Other Specify,50,"Value for an unlisted genetic target for either a mutation, an allele, or a variant  in a wide or combined long-and-wide table. ",EU Airport template,NA,NA,NA,exceptions,,0,,0,,0,,0,,0,,0,,0,,0,,0,,,0,
wat_sa_hFr_hMe_hUn_hAg_NR_value,Value - wide,31,Measure value  in a wide or combined long-and-wide table where most details are recorded in other columns.,EU Airport template,wat_sa_hFr_hMe_hUn_hAg_NR_value,NA,NA,measurements,,0,,0,Water compartment,wat,Sample,sa,See Header for Fraction Analyzed,hFr,See Header for Measure,hMe,,0,See Header for Unit,hUn,See Header for Aggregation,hAg,NR,Value,value,
mr_unit,Unit - wide,7,The unit of a measure in a wide or combined long-and-wide table. ,EU Airport template,NA,NA,mr_unit,attributes,Measure report table Shorthand,mr,,0,,0,,0,,                              ,,0,,0,,0,,0,,Unit,unit,
mr_aggregation,Aggregation - wide,14,The aggregation of a measure in a wide or combined long-and-wide table. ,EU Airport template,NA,NA,mr_aggregation,attributes,Measure report table Shorthand,mr,,0,,0,,0,,0,,0,,0,,0,,0,,Aggregation,aggregation,
mr_refLink,Sequence / Sequence URL,10,The reference link for a sequencing measure in a wide or combined long-and-wide table. ,EU Airport template,NA,NA,mr_refLink,attributes,Measure report table Shorthand,mr,,0,,0,,0,,0,,0,,0,,0,,0,,Reference link,refLink,
wat_sit_nr_cod_mgL_me_NR_value,Chemical Oxygen Demand (mg/l)  - wide,30,Chemical oxygen demand in a wide or combined long-and-wide table. ,EU Airport template,wat_sit_nr_cod_mgL_me_NR_value,NA,NA,measurements,,0,,0,Water compartment,wat,Site,sit,Not reported,nr,Chemical Oxygen Demand,cod,,0,Milligrams per litre,mgL,Arithmetic mean,me,NR,Value,value,
wat_sit_nr_bod5t_mgL_me_NR_value,Biochemical Oxygen Demand (mg/l) - wide,32,Biochemical oxygen demand in a wide or combined long-and-wide table. ,EU Airport template,wat_sit_nr_bod5t_mgL_me_NR_value,NA,NA,measurements,,0,,0,Water compartment,wat,Site,sit,Not reported,nr,5-day total biochemical oxygen demand,bod5t,,0,Milligrams per litre,mgL,Arithmetic mean,me,NR,Value,value,
wat_sit_nr_cond_uSCm_me_NR_value,Water conductivity (µS/cm) - wide,32,Wastewater or water conductivity  in a wide or combined long-and-wide table. ,EU Airport template,wat_sit_nr_cond_uSCm_me_NR_value,NA,NA,measurements,,0,,0,Water compartment,wat,Site,sit,Not reported,nr,Water conductivity,cond,,0,Micro-Siemens per centimetre,uSCm,Arithmetic mean,me,NR,Value,value,
wat_sit_nr_ph_unitless_me_NR_value,pH - wide,34,pH of a site in a wide or combined long-and-wide table. ,EU Airport template,wat_sit_nr_ph_unitless_me_NR_value,NA,NA,measurements,,0,,0,Water compartment,wat,Site,sit,Not reported,nr,pH,ph,,0,Unitless measure,unitless,Arithmetic mean,me,NR,Value,value,
wat_sit_nr_tn_mgL_me_NR_value,Nitrogen concentration (mg/l) - wide,29,Notal nitrogen concentration at a site in a wide or combined long-and-wide table. ,EU Airport template,wat_sit_nr_tn_mgL_me_NR_value,NA,NA,measurements,,0,,0,Water compartment,wat,Site,sit,Not reported,nr,Total Nitrogen,tn,,0,Milligrams per litre,mgL,Arithmetic mean,me,NR,Value,value,
wat_sa_nr_lodSewa_gc_sin_NR_value,Limit of Detection (gc) - wide,33,Limit of Detection of a wastewater sample in a wide or combined long-and-wide table. ,EU Airport template,wat_sa_nr_lodSewa_gc_sin_NR_value,NA,NA,measurements,,0,,0,Water compartment,wat,Sample,sa,Not reported,nr,Limit of detection (LOD) - sewage,lodSewa,,0,Gene copies,gc,Single,sin,NR,Value,value,
wat_sa_nr_loq_gc_sin_NR_value,Limit of Quantification (gc) - wide,29,Limit of quantification in a wide or combined long-and-wide table. ,EU Airport template,wat_sa_nr_loq_gc_sin_NR_value,NA,NA,measurements,,0,,0,Water compartment,wat,Sample,sa,Not reported,nr,Limit of quantification (LOQ),loq,,0,Gene copies,gc,Single,sin,NR,Value,value,
mr_reportDate,Report date - wide,13,Date that the measurement was reported to authorities in a wide or combined long-and-wide table. ,EU Airport template,NA,NA,mr_reportDate,attributes,Measure report table Shorthand,mr,,0,,0,,0,,0,,0,,0,,0,,0,,Report date,reportDate,
co_email,Contact person email - wide,8,Contact email address in a wide or combined long-and-wide table. ,EU Airport template,NA,NA,co_email,attributes,Contact table Shorthand,co,,0,,0,,0,,0,,0,,0,,0,,0,,Contact email,email,
mr_notes,Notes - wide,8,Notes on a measure in a wide or combined long-and-wide table. ,EU Airport template,NA,NA,mr_notes,attributes,Measure report table Shorthand,mr,,0,,0,,0,,0,,0,,0,,0,,0,,Notes,notes,
mr_datasetID,Data source,12,The dataset or source dataset for a measure. This might reference difference contributor organizations to a larger dataset.,HPAIV H5N1 Template,NA,NA,mr_datasetID,attributes,Measure report table Shorthand,mr,,0,,0,,0,,0,,0,,0,,0,,0,,Dataset ID,datasetID,
si_repOrg1,Site jurisdiction,10,The unique identifier for an organization with jurisdiction over a given site.,HPAIV H5N1 Template,NA,NA,si_repOrg1,attributes,Sites table Shorthand,si,,0,,0,,0,,0,,0,,0,,0,,0,,Primary reporting authority ID,repOrg1,
po_polygonID,Sewershed ID,12,The unique identifier for the polygon/sewershed boundaries for collection point.,HPAIV H5N1 Template,NA,NA,po_polygonID,attributes,Polygon table Shorthand,po,,0,,0,,0,,0,,0,,0,,0,,0,,Polygon ID,polygonID,
si_siteID,Site,9,The unique identifier for a sampling site.,HPAIV H5N1 Template,NA,NA,si_siteID,attributes,Sites table Shorthand,si,,0,,0,,0,,0,,0,,0,,0,,0,,Site ID,siteID,
si_sampleShed,Sample shed type,13,"The social context of the sampling site, specifying the building or location type. For example, an airplane, or a school, or a wastewater treatment plant.",HPAIV H5N1 Template,NA,NA,si_sampleShed,attributes,Sites table Shorthand,si,,0,,0,,0,,0,,0,,0,,0,,0,,Sample shed,sampleShed,
si_siteType,Sampling location type,11,"The type of site for collection in terms of the physical infrastructure. For example, a branch sewer pipeline, or a holding tank.",HPAIV H5N1 Template,NA,NA,si_siteType,attributes,Sites table Shorthand,si,,0,,0,,0,,0,,0,,0,,0,,0,,Site Type,siteType,
hum_sit_NA_popServ_peeps_total_NA_value,Population served,39,The population served by a site.,HPAIV H5N1 Template,hum_sit_NA_popServ_peeps_total_NA_value,NA,NA,measurements,Measure report table Shorthand,mr,,0,Human compartment,hum,Site,sit,Not applicable,NA,Population Served,popServ,,0,Number of people,peeps,Total amount or count - the sum,total,NA,Value,value,
sar_sampleID,SampleID,12,The unique identifier for a sample.,HPAIV H5N1 Template,NA,NA,sar_sampleID,attributes,Sample relationships table Shorthand,sar,,0,,0,,0,,0,,0,,0,,0,,0,,Sample ID,sampleID,
sar_collDT,Collection date/time,10,The date and time of sample collection.,HPAIV H5N1 Template,NA,NA,sar_collDT,attributes,Sample relationships table Shorthand,sar,,0,,0,,0,,0,,0,,0,,0,,0,,Collection date time,collDT,
sar_collType,Collection type,12,"The type of sample collection used to gather the sample (ie. Passive sample, grab sample, etc.)",HPAIV H5N1 Template,NA,NA,sar_collType,attributes,Sample relationships table Shorthand,sar,,0,,0,,0,,0,,0,,0,,0,,0,,Sample collection type,collType,
sar_collPer,Composite collection period,11,"Used for composite samples, this specifies the time period for sample collection.",HPAIV H5N1 Template,NA,NA,sar_collPer,attributes,Sample relationships table Shorthand,sar,,0,,0,,0,,0,,0,,0,,0,,0,,Collection period,collPer,
sar_collNum,Composite collection number,11,"Used for composite samples, this specifies the number of sub-samples taken for build the composite.",HPAIV H5N1 Template,NA,NA,sar_collNum,attributes,Sample relationships table Shorthand,sar,,0,,0,,0,,0,,0,,0,,0,,0,,Collection number,collNum,
sar_pooled,Pooled,10,A binary indicaotr for whether the sample is pooled or not.,HPAIV H5N1 Template,NA,NA,sar_pooled,attributes,Sample relationships table Shorthand,sar,,0,,0,,0,,0,,0,,0,,0,,0,,Pooled,pooled,
mr_aDateStart,Analysis date/time start,13,The date and time that analysis was started.,HPAIV H5N1 Template,NA,NA,mr_aDateStart,attributes,Measure report table Shorthand,mr,,0,,0,,0,,0,,0,,0,,0,,0,,Analysis date start,aDateStart,
mr_aDateEnd,Analysis date/time end,11,The date and time when analysis was complete.,HPAIV H5N1 Template,NA,NA,mr_aDateEnd,attributes,Measure report table Shorthand,mr,,0,,0,,0,,0,,0,,0,,0,,0,,Analysis date end,aDateEnd,
mr_fraction,Fraction analyzed,11,The fraction of the wastewater used for analysis and measurement.,HPAIV H5N1 Template,NA,NA,mr_fraction,attributes,Measure report table Shorthand,mr,,0,,0,,0,,0,,0,,0,,0,,0,,Fraction analyzed,fraction,
sar_saMaterial,Sample type,14,"The type of material that comprises the sample (ie. Primary effluent, de-watered solids, etc.)",HPAIV H5N1 Template,NA,NA,sar_saMaterial,attributes,Sample relationships table Shorthand,sar,,0,,0,,0,,0,,0,,0,,0,,0,,Sample material,saMaterial,
ps_met_pcrmeth_value,PCR method used,20,The PCR method used for measuring genes of interest.,HPAIV H5N1 Template,NA,ps_met_pcrmeth_value,NA,methods,Protocol steps table Shorthand,ps,Methods part-type Shorthand,met,Water compartment,wat,Sample,sa,,0,,0,PCR method,pcrmeth,Unit not applicable,naUnit,Aggregation not applicable,naAggr,,Value,value,
pro_refLink,Protocol citation link,11,The URL or link to the materials or details on the analysis protocol.,HPAIV H5N1 Template,NA,NA,pro_refLink,attributes,Protocols table Shorthand,pro,,0,,0,,0,,0,,0,,0,,0,,0,,Reference link,refLink,
mr_group,Target Type,8,"The genetic ""target type"" as defined using ODM groups in a wide or combined long-and-wide table. ",HPAIV H5N1 Template,NA,NA,mr_group,attributes,Measure report table Shorthand,mr,,0,,0,,0,,0,,0,,0,,0,,0,,Group,group,
mr_measure,Target,10,The genetic target or measure of an analysis  in a wide or combined long-and-wide table. ,HPAIV H5N1 Template,NA,NA,mr_measure,attributes,Measure report table Shorthand,mr,,0,,0,,0,,0,,0,,0,,0,,0,,Measure,measure,
wat_sa_hFr_hMe_hUn_hAg_NR_value,Value,31,Measure value  in a wide or combined long-and-wide table where most details are recorded in other columns.,HPAIV H5N1 Template,wat_sa_hFr_hMe_hUn_hAg_NR_value,NA,NA,measurements,,0,,0,Water compartment,wat,Sample,sa,See Header for Fraction Analyzed,hFr,See Header for Measure,hMe,,0,See Header for Unit,hUn,See Header for Aggregation,hAg,NR,Value,value,
mr_unit,Unit,7,The unit of a measure in a wide or combined long-and-wide table. ,HPAIV H5N1 Template,NA,NA,mr_unit,attributes,Measure report table Shorthand,mr,,0,,0,,0,,0,,0,,0,,0,,0,,Unit,unit,
mr_aggregation,Aggregation,14,The aggregation of a measure in a wide or combined long-and-wide table. ,HPAIV H5N1 Template,NA,NA,mr_aggregation,attributes,Measure report table Shorthand,mr,,0,,0,,0,,0,,0,,0,,0,,0,,Aggregation,aggregation,
wat_sit_nr_cod_mgL_me_NR_value,Chemical Oxygen Demand (mg/l),30,Chemical oxygen demand in a wide or combined long-and-wide table. ,HPAIV H5N1 Template,wat_sit_nr_cod_mgL_me_NR_value,NA,NA,measurements,,0,,0,Water compartment,wat,Site,sit,Not reported,nr,Chemical Oxygen Demand,cod,,0,Milligrams per litre,mgL,Arithmetic mean,me,NR,Value,value,
wat_sit_nr_bod5t_mgL_me_NR_value,Biochemical Oxygen Demand (mg/l),32,Biochemical oxygen demand in a wide or combined long-and-wide table. ,HPAIV H5N1 Template,wat_sit_nr_bod5t_mgL_me_NR_value,NA,NA,measurements,,0,,0,Water compartment,wat,Site,sit,Not reported,nr,5-day total biochemical oxygen demand,bod5t,,0,Milligrams per litre,mgL,Arithmetic mean,me,NR,Value,value,
wat_sit_nr_cond_uSCm_me_NR_value,Water conductivity (µS/cm),32,Wastewater or water conductivity  in a wide or combined long-and-wide table. ,HPAIV H5N1 Template,wat_sit_nr_cond_uSCm_me_NR_value,NA,NA,measurements,,0,,0,Water compartment,wat,Site,sit,Not reported,nr,Water conductivity,cond,,0,Micro-Siemens per centimetre,uSCm,Arithmetic mean,me,NR,Value,value,
wat_sit_nr_ph_unitless_me_NR_value,pH,34,pH of a site in a wide or combined long-and-wide table. ,HPAIV H5N1 Template,wat_sit_nr_ph_unitless_me_NR_value,NA,NA,measurements,,0,,0,Water compartment,wat,Site,sit,Not reported,nr,pH,ph,,0,Unitless measure,unitless,Arithmetic mean,me,NR,Value,value,
wat_sit_nr_tn_mgL_me_NR_value,Nitrogen concentration (mg/l),29,Notal nitrogen concentration at a site in a wide or combined long-and-wide table. ,HPAIV H5N1 Template,wat_sit_nr_tn_mgL_me_NR_value,NA,NA,measurements,,0,,0,Water compartment,wat,Site,sit,Not reported,nr,Total Nitrogen,tn,,0,Milligrams per litre,mgL,Arithmetic mean,me,NR,Value,value,
wat_sa_nr_lodSewa_gc_sin_NR_value,Limit of Detection (gc),33,Limit of Detection of a wastewater sample in a wide or combined long-and-wide table. ,HPAIV H5N1 Template,wat_sa_nr_lodSewa_gc_sin_NR_value,NA,NA,measurements,,0,,0,Water compartment,wat,Sample,sa,Not reported,nr,Limit of detection (LOD) - sewage,lodSewa,,0,Gene copies,gc,Single,sin,NR,Value,value,
wat_sa_nr_loq_gc_sin_NR_value,Limit of Quantification (gc),29,Limit of quantification in a wide or combined long-and-wide table. ,HPAIV H5N1 Template,wat_sa_nr_loq_gc_sin_NR_value,NA,NA,measurements,,0,,0,Water compartment,wat,Sample,sa,Not reported,nr,Limit of quantification (LOQ),loq,,0,Gene copies,gc,Single,sin,NR,Value,value,
mr_reportDate,Report date,13,Date that the measurement was reported to authorities in a wide or combined long-and-wide table. ,HPAIV H5N1 Template,NA,NA,mr_reportDate,attributes,Measure report table Shorthand,mr,,0,,0,,0,,0,,0,,0,,0,,0,,Report date,reportDate,
co_email,Contact person email,8,Contact email address in a wide or combined long-and-wide table. ,HPAIV H5N1 Template,NA,NA,co_email,attributes,Contact table Shorthand,co,,0,,0,,0,,0,,0,,0,,0,,0,,Contact email,email,
mr_notes,Notes,8,Notes on a measure in a wide or combined long-and-wide table. ,HPAIV H5N1 Template,NA,NA,mr_notes,attributes,Measure report table Shorthand,mr,,0,,0,,0,,0,,0,,0,,0,,0,,Notes,notes,
ad_country,address_country,10,Country where a site was.,EU4S Data ODM wide Template,NA,NA,ad_country,attributes,Address table Shorthand,ad,,0,,0,,0,,0,,0,,0,,0,,0,,Country,country,
ad_stateProvReg,address_zone,15,"State, province, or region where a site was.",EU4S Data ODM wide Template,NA,NA,ad_stateProvReg,attributes,Address table Shorthand,ad,,0,,0,,0,,0,,0,,0,,0,,0,,"State, Province, or Region",stateProvReg,
ad_city,address_city,7,City where a site was.,EU4S Data ODM wide Template,NA,NA,ad_city,attributes,Address table Shorthand,ad,,0,,0,,0,,0,,0,,0,,0,,0,,City,city,
sas_sampleID,sample_id,12,The unique identifier for a sample.,EU4S Data ODM wide Template,NA,NA,sas_sampleID,attributes,Sample report table Shorthand,sas,,0,,0,,0,,0,,0,,0,,0,,0,,Sample ID,sampleID,
sas_collDT,sample_collDT,10,Collection day and time of a sample.,EU4S Data ODM wide Template,NA,NA,sas_collDT,attributes,Sample report table Shorthand,sas,,0,,0,,0,,0,,0,,0,,0,,0,,Collection date time,collDT,
sas_collDTEnd,sample_collDTend,13,The day and time when sample collection ended.,EU4S Data ODM wide Template,NA,NA,sas_collDTEnd,attributes,Sample report table Shorthand,sas,,0,,0,,0,,0,,0,,0,,0,,0,,Collection date time end,collDTEnd,
sas_collDTStart,sample_collDTstart,15,The day and time when sample collection started.,EU4S Data ODM wide Template,NA,NA,sas_collDTStart,attributes,Sample report table Shorthand,sas,,0,,0,,0,,0,,0,,0,,0,,0,,Collection date time start,collDTStart,
sas_collPer,sample_collPer,11,The period of time in hours in which a composite sample was collected.,EU4S Data ODM wide Template,NA,NA,sas_collPer,attributes,Sample report table Shorthand,sas,,0,,0,,0,,0,,0,,0,,0,,0,,Collection period,collPer,
sas_collType,sample_collType,12,The type of collection done for a sample.,EU4S Data ODM wide Template,NA,NA,sas_collType,attributes,Sample report table Shorthand,sas,,0,,0,,0,,0,,0,,0,,0,,0,,Sample collection type,collType,
mr_valTreat__estimate_,measure_estimated,22,A true or false indicator of whether a measure is an estimate or not.,EU4S Data ODM wide Template,NA,NA,NA,exceptions,Measure report table Shorthand,mr,,,,0,,0,,0,,0,,0,,0,,0,,,0,
mr_group,measure_hazard,8,The group (or main pathogen group) of a measure.,EU4S Data ODM wide Template,NA,NA,mr_group,attributes,Measure report table Shorthand,mr,,,,0,,0,,0,,0,,0,,0,,0,,Group,group,
mr_measure,measure_assay,10,The detailed type of measure that's been taken,EU4S Data ODM wide Template,NA,NA,mr_measure,attributes,Measure report table Shorthand,mr,,,,0,,0,,0,,0,,0,,0,,0,,Measure,measure,
wat_sa_nr_hMe_hUn_hAg_NR_value.odm1,measure_value,35,"The value of the measure indicated in ""mr_measure"", if numeric.",EU4S Data ODM wide Template,wat_sa_nr_hMe_hUn_hAg_NR_value.odm1,NA,NA,measurements,,0,,,Water compartment,wat,Sample,sa,Not reported,nr,See Header for Measure,hMe,,0,See Header for Unit,hUn,See Header for Aggregation,hAg,NR,Value,value,1
wat_sa_nr_hMe_hUn_hAg_NR_value.odm1,measure_value_alpha,35,"The value of the measure indicated in ""mr_measure"", if a string.",EU4S Data ODM wide Template,wat_sa_nr_hMe_hUn_hAg_NR_value.odm1,NA,NA,measurements,,0,,,Water compartment,wat,Sample,sa,Not reported,nr,See Header for Measure,hMe,,0,See Header for Unit,hUn,See Header for Aggregation,hAg,NR,Value,value,1
mr_name.odm1,measure_name,12,The name of the measure.,EU4S Data ODM wide Template,NA,NA,mr_name.odm1,attributes,Measure report table Shorthand,mr,,,,0,,0,,0,,0,,0,,0,,0,,Name,name,1
mr_unit.odm1,measure_value_measunit,12,The unit for the measure.,EU4S Data ODM wide Template,NA,NA,mr_unit.odm1,attributes,Measure report table Shorthand,mr,,,,0,,0,,0,,0,,0,,0,,0,,Unit,unit,1
cl_2_AND_standard_calcType__standardization_,measure_value_normalization_method,44,The standard for use of standardization of the main measure.,EU4S Data ODM wide Template,NA,NA,NA,exceptions,,0,,,,0,,0,,0,,0,,0,,0,,0,,,0,
mr_aggregation,measure_aggregation,14,The aggregation for the measure.,EU4S Data ODM wide Template,NA,NA,mr_aggregation,attributes,Measure report table Shorthand,mr,,,,0,,0,,0,,0,,0,,0,,0,,Aggregation,aggregation,
mr_notes,measure_notes,8,Any additional notes for a measure.,EU4S Data ODM wide Template,NA,NA,mr_notes,attributes,Measure report table Shorthand,mr,,,,0,,0,,0,,0,,0,,0,,0,,Notes,notes,
mr_reportDate,measure_reportDate,13,The date a measure was reported.,EU4S Data ODM wide Template,NA,NA,mr_reportDate,attributes,Measure report table Shorthand,mr,,,,0,,0,,0,,0,,0,,0,,0,,Report date,reportDate,
mr_measureRepID,measure_measureRepID,15,The unique identifier for a measure.,EU4S Data ODM wide Template,NA,NA,mr_measureRepID,attributes,Measure report table Shorthand,mr,,,,0,,0,,0,,0,,0,,0,,0,,Measure Report ID,measureRepID,
pro_name,protocol_name,8,The name of the protocol.,EU4S Data ODM wide Template,NA,NA,pro_name,attributes,Protocols table Shorthand,pro,,,,0,,0,,0,,0,,0,,0,,0,,Name,name,
pro_protocolID,protocol_protocol_ID,14,The unique identifier for a protocol.,EU4S Data ODM wide Template,NA,NA,pro_protocolID,attributes,Protocols table Shorthand,pro,,,,0,,0,,0,,0,,0,,0,,0,,Protocol ID,protocolID,
pro_protocolVersion,protocol_protocolVersion,19,The version of a protocol.,EU4S Data ODM wide Template,NA,NA,pro_protocolVersion,attributes,Protocols table Shorthand,pro,,,,0,,0,,0,,0,,0,,0,,0,,Protocol version,protocolVersion,
qr_notes,qualityReports_notes,8,Any additional notes on a quality issue for a measure.,EU4S Data ODM wide Template,NA,NA,qr_notes,attributes,Quality reports table Shorthand,qr,,,,0,,0,,0,,0,,0,,0,,0,,Notes,notes,
qr_qualityFlag,qualityReports_qualityFlag,14,A quality indicator for a measure.,EU4S Data ODM wide Template,NA,NA,qr_qualityFlag,attributes,Quality reports table Shorthand,qr,,,,0,,0,,0,,0,,0,,0,,0,,Quality flag,qualityFlag,
in_2_AND_name_insType__flowmeter_,instrument_name_flowmeter,33,The name of the flow meter.,EU4S Data ODM wide Template,NA,NA,NA,exceptions,,0,,,,0,,0,,0,,0,,0,,0,,0,,,0,
in_2_AND_name_insType__sampler_,instrument_name_sampler,31,The name of the sampler.,EU4S Data ODM wide Template,NA,NA,NA,exceptions,,0,,,,0,,0,,0,,0,,0,,0,,0,,,0,
or_2_AND_name_orgType__lab_,organization_name_Lab,27,The name of the testing lab.,EU4S Data ODM wide Template,NA,NA,NA,exceptions,,0,,,,0,,0,,0,,0,,0,,0,,0,,,0,
or_2_AND_name_orgType__wwAgency_,organization_name_WWagency,32,The name of the wastewater agency.,EU4S Data ODM wide Template,NA,NA,NA,exceptions,,0,,,,0,,0,,0,,0,,0,,0,,0,,,0,
si_parSiteID,site_siteID,12,The unique identifier for a collection of sites.,EU4S Data ODM wide Template,NA,NA,si_parSiteID,attributes,Sites table Shorthand,si,,,,0,,0,,0,,0,,0,,0,,0,,Parent Site ID,parSiteID,
si_name,site_name,7,The name of the site.,EU4S Data ODM wide Template,NA,NA,si_name,attributes,Sites table Shorthand,si,,,,0,,0,,0,,0,,0,,0,,0,,Name,name,
si_siteID,site_code,9,The unique identifier for a site.,EU4S Data ODM wide Template,NA,NA,si_siteID,attributes,Sites table Shorthand,si,,,,0,,0,,0,,0,,0,,0,,0,,Site ID,siteID,
po_geoWKT,site_geomWKT,9,The well-known text (WKT) file for a polygon.,EU4S Data ODM wide Template,NA,NA,po_geoWKT,attributes,Polygon table Shorthand,po,,,,0,,0,,0,,0,,0,,0,,0,,Well-known text,geoWKT,
si_healthRegion,site_healthRegion,15,The health region of a site.,EU4S Data ODM wide Template,NA,NA,si_healthRegion,attributes,Sites table Shorthand,si,,,,0,,0,,0,,0,,0,,0,,0,,Health Region for a Site,healthRegion,
hum_sit_NA_popServ_peeps_total_NA_value,site_popServ,39,The population served by a site.,EU4S Data ODM wide Template,hum_sit_NA_popServ_peeps_total_NA_value,NA,NA,measurements,,0,,,Human compartment,hum,Site,sit,Not applicable,NA,Population Served,popServ,,0,Number of people,peeps,Total amount or count - the sum,total,NA,Value,value,
hum_sit_NA_popServ_perc_me_NA_value,site_popServPercent,35,The percent of the population served by a site (most applicable to a wastewater treatment plant),EU4S Data ODM wide Template,hum_sit_NA_popServ_perc_me_NA_value,NA,NA,measurements,,0,,,Human compartment,hum,Site,sit,Not applicable,NA,Population Served,popServ,,0,Percent,perc,Arithmetic mean,me,NA,Value,value,
wat_sit_nr_popServ_popEq_me_NA_value,site_populationEquivalents,36,The mean capacity of a wastewater treatment plant in population equivalents. ,EU4S Data ODM wide Template,wat_sit_nr_popServ_popEq_me_NA_value,NA,NA,measurements,,0,,,Water compartment,wat,Site,sit,Not reported,nr,Wastewater treatment plant designed capacity,popServ,,0,Population equivalents,popEq,Arithmetic mean,me,NA,Value,value,
po_polygonID,polygon_polygonID,12,The unique identifier for a polygon.,EU4S Data ODM wide Template,NA,NA,po_polygonID,attributes,Polygon table Shorthand,po,,,,0,,0,,0,,0,,0,,0,,0,,Polygon ID,polygonID,
po_geoEPSG,site_geomEPSG,10,The EPSG coordinates for a polygon. ,EU4S Data ODM wide Template,NA,NA,po_geoEPSG,attributes,Polygon table Shorthand,po,,,,0,,0,,0,,0,,0,,0,,0,,European Petroleum Survey Group Coordinates,geoEPSG,
ds_name,dataset_name,7,The name of the dataset.,EU4S Data ODM wide Template,NA,NA,ds_name,attributes,Dataset table Shorthand,ds,,,,0,,0,,0,,0,,0,,0,,0,,Name,name,
si_geoLat,site_lat,9,The latitude of a site.,EU4S Data ODM wide Template,NA,NA,si_geoLat,attributes,Sites table Shorthand,si,,,,0,,0,,0,,0,,0,,0,,0,,Latitude,geoLat,
si_geoLong,site_lon,10,The longitude of a site.,EU4S Data ODM wide Template,NA,NA,si_geoLong,attributes,Sites table Shorthand,si,,,,0,,0,,0,,0,,0,,0,,0,,Longitude,geoLong,
ds_datasetDate,dataset_datasetDate,14,The date of creation of a dataset.,EU4S Data ODM wide Template,NA,NA,ds_datasetDate,attributes,Dataset table Shorthand,ds,,,,0,,0,,0,,0,,0,,0,,0,,Dataset creation date,datasetDate,
,,,,,NA,NA,NA,,,0,,,,0,,0,,0,,0,,0,,0,,0,,,0,
,,,,,NA,NA,NA,,,0,,,,0,,0,,0,,0,,0,,0,,0,,,0,
,,,,,NA,NA,NA,,,0,,,,0,,0,,0,,0,,0,,0,,0,,,0,
,,,,,NA,NA,NA,,,0,,,,0,,0,,0,,0,,0,,0,,0,,,0,
,,,,,NA,NA,NA,,,,,,,0,,0,,0,,0,,0,,0,,0,,,0,
,,,,,NA,NA,NA,,,,,,,0,,0,,0,,0,,0,,0,,0,,,0,
,,,,,NA,NA,NA,,,,,,,0,,0,,0,,0,,0,,0,,0,,,0,
,,,,,NA,NA,NA,,,,,,,0,,0,,0,,0,,0,,0,,0,,,,
,,,,,NA,NA,NA,,,,,,,0,,0,,0,,0,,0,,0,,0,,,,
,,,,,NA,NA,NA,,,,,,,0,,0,,0,,0,,0,,0,,0,,,,
,,,,,NA,NA,NA,,,,,,,0,,0,,0,,0,,0,,0,,0,,,,
,,,,,NA,NA,NA,,,,,,,0,,0,,0,,0,,0,,0,,0,,,,
,,,,,NA,NA,NA,,,,,,,0,,0,,0,,0,,0,,0,,0,,,,
,,,,,NA,NA,NA,,,,,,,0,,0,,0,,0,,0,,0,,0,,,,
,,,,,NA,NA,NA,,,,,,,,,0,,0,,0,,0,,0,,0,,,,
,,,,,NA,NA,NA,,,,,,,,,0,,0,,0,,0,,0,,0,,,,
,,,,,NA,NA,NA,,,,,,,,,0,,0,,0,,0,,0,,0,,,,
,,,,,NA,NA,NA,,,,,,,,,0,,0,,0,,0,,0,,0,,,,
,,,,,NA,NA,NA,,,,,,,,,0,,0,,,,0,,0,,0,,,,
,,,,,NA,NA,NA,,,,,,,,,,,0,,,,0,,,,0,,,,
,,,,,NA,NA,NA,,,,,,,,,,,,,,,0,,,,,,,,
,,,,,NA,NA,NA,,,,,,,,,,,,,,,0,,,,,,,,
,,,,,NA,NA,NA,,,,,,,,,,,,,,,0,,,,,,,,
,,,,,NA,NA,NA,,,,,,,,,,,,,,,0,,,,,,,,
,,,,,NA,NA,NA,,,,,,,,,,,,,,,0,,,,,,,,
,,,,,NA,NA,NA,,,,,,,,,,,,,,,0,,,,,,,,
,,,,,NA,NA,NA,,,,,,,,,,,,,,,0,,,,,,,,
,,,,,NA,NA,NA,,,,,,,,,,,,,,,0,,,,,,,,
,,,,,NA,NA,NA,,,,,,,,,,,,,,,0,,,,,,,,
,,,,,NA,NA,NA,,,,,,,,,,,,,,,0,,,,,,,,
,,,,,NA,NA,NA,,,,,,,,,,,,,,,0,,,,,,,,
,,,,,NA,NA,NA,,,,,,,,,,,,,,,0,,,,,,,,
,,,,,NA,NA,NA,,,,,,,,,,,,,,,0,,,,,,,,
,,,,,NA,NA,NA,,,,,,,,,,,,,,,0,,,,,,,,
,,,,,NA,NA,NA,,,,,,,,,,,,,,,0,,,,,,,,
,,,,,NA,NA,NA,,,,,,,,,,,,,,,0,,,,,,,,
,,,,,NA,NA,NA,,,,,,,,,,,,,,,0,,,,,,,,
,,,,,NA,NA,NA,,,,,,,,,,,,,,,0,,,,,,,,
,,,,,NA,NA,NA,,,,,,,,,,,,,,,0,,,,,,,,
,,,,,NA,NA,NA,,,,,,,,,,,,,,,0,,,,,,,,
,,,,,NA,NA,NA,,,,,,,,,,,,,,,0,,,,,,,,
,,,,,NA,NA,NA,,,,,,,,,,,,,,,0,,,,,,,,
,,,,,NA,NA,NA,,,,,,,,,,,,,,,0,,,,,,,,
,,,,,NA,NA,NA,,,,,,,,,,,,,,,0,,,,,,,,
,,,,,NA,NA,NA,,,,,,,,,,,,,,,0,,,,,,,,
,,,,,NA,NA,NA,,,,,,,,,,,,,,,0,,,,,,,,
,,,,,NA,NA,NA,,,,,,,,,,,,,,,0,,,,,,,,
,,,,,NA,NA,NA,,,,,,,,,,,,,,,0,,,,,,,,
,,,,,NA,NA,NA,,,,,,,,,,,,,,,0,,,,,,,,
,,,,,NA,NA,NA,,,,,,,,,,,,,,,0,,,,,,,,
,,,,,NA,NA,NA,,,,,,,,,,,,,,,0,,,,,,,,
,,,,,NA,NA,NA,,,,,,,,,,,,,,,0,,,,,,,,
,,,,,NA,NA,NA,,,,,,,,,,,,,,,0,,,,,,,,
,,,,,NA,NA,NA,,,,,,,,,,,,,,,0,,,,,,,,
,,,,,NA,NA,NA,,,,,,,,,,,,,,,0,,,,,,,,
,,,,,NA,NA,NA,,,,,,,,,,,,,,,,,,,,,,,
,,,,,NA,NA,NA,,,,,,,,,,,,,,,,,,,,,,,
,,,,,NA,NA,NA,,,,,,,,,,,,,,,,,,,,,,,
,,,,,NA,NA,NA,,,,,,,,,,,,,,,,,,,,,,,
,,,,,NA,NA,NA,,,,,,,,,,,,,,,,,,,,,,,
,,,,,NA,NA,NA,,,,,,,,,,,,,,,,,,,,,,,
,,,,,NA,NA,NA,,,,,,,,,,,,,,,,,,,,,,,
,,,,,NA,NA,NA,,,,,,,,,,,,,,,,,,,,,,,
,,,,,NA,NA,NA,,,,,,,,,,,,,,,,,,,,,,,
,,,,,NA,NA,NA,,,,,,,,,,,,,,,,,,,,,,,
,,,,,NA,NA,NA,,,,,,,,,,,,,,,,,,,,,,,
,,,,,NA,NA,NA,,,,,,,,,,,,,,,,,,,,,,,
,,,,,NA,NA,NA,,,,,,,,,,,,,,,,,,,,,,,
,,,,,NA,NA,NA,,,,,,,,,,,,,,,,,,,,,,,
,,,,,NA,NA,NA,,,,,,,,,,,,,,,,,,,,,,,
,,,,,NA,NA,NA,,,,,,,,,,,,,,,,,,,,,,,
,,,,,NA,NA,NA,,,,,,,,,,,,,,,,,,,,,,,
,,,,,NA,NA,NA,,,,,,,,,,,,,,,,,,,,,,,
,,,,,NA,NA,NA,,,,,,,,,,,,,,,,,,,,,,,
,,,,,NA,NA,NA,,,,,,,,,,,,,,,,,,,,,,,
,,,,,NA,NA,NA,,,,,,,,,,,,,,,,,,,,,,,
,,,,,NA,NA,NA,,,,,,,,,,,,,,,,,,,,,,,
,,,,,NA,NA,NA,,,,,,,,,,,,,,,,,,,,,,,
,,,,,NA,NA,NA,,,,,,,,,,,,,,,,,,,,,,,
,,,,,NA,NA,NA,,,,,,,,,,,,,,,,,,,,,,,
,,,,,NA,NA,NA,,,,,,,,,,,,,,,,,,,,,,,
,,,,,NA,NA,NA,,,,,,,,,,,,,,,,,,,,,,,
,,,,,NA,NA,NA,,,,,,,,,,,,,,,,,,,,,,,
,,,,,NA,NA,NA,,,,,,,,,,,,,,,,,,,,,,,
,,,,,NA,NA,NA,,,,,,,,,,,,,,,,,,,,,,,
,,,,,NA,NA,NA,,,,,,,,,,,,,,,,,,,,,,,
,,,,,NA,NA,NA,,,,,,,,,,,,,,,,,,,,,,,
,,,,,NA,NA,NA,,,,,,,,,,,,,,,,,,,,,,,
,,,,,NA,NA,NA,,,,,,,,,,,,,,,,,,,,,,,
,,,,,NA,NA,NA,,,,,,,,,,,,,,,,,,,,,,,
,,,,,NA,NA,NA,,,,,,,,,,,,,,,,,,,,,,,
,,,,,NA,NA,NA,,,,,,,,,,,,,,,,,,,,,,,
,,,,,NA,NA,NA,,,,,,,,,,,,,,,,,,,,,,,
,,,,,NA,NA,NA,,,,,,,,,,,,,,,,,,,,,,,
,,,,,NA,NA,NA,,,,,,,,,,,,,,,,,,,,,,,
,,,,,NA,NA,NA,,,,,,,,,,,,,,,,,,,,,,,
,,,,,NA,NA,NA,,,,,,,,,,,,,,,,,,,,,,,
,,,,,NA,NA,NA,,,,,,,,,,,,,,,,,,,,,,,
,,,,,NA,NA,NA,,,,,,,,,,,,,,,,,,,,,,,